legal_articles,legal_violation_categories,violation_keywords,is_generic,before_legal_categories,reason_ai,original_big_category
《100102回风巷掘进工作面作业规程》,安全生产,作业规程,False,,从removed恢复: 匹配关键词 作业规程,安全生产
《1020D回采作业规程》,安全生产,作业规程,False,,从removed恢复: 匹配关键词 作业规程,安全生产
《1021上下运掘进工作面作业规程》,安全生产,作业规程,False,,从removed恢复: 匹配关键词 作业规程,安全生产
《1026回风巷（炮掘）作业规程》,安全生产,作业规程,False,,从removed恢复: 匹配关键词 作业规程,安全生产
《10503综采工作面作业规程》,安全生产,作业规程,False,,从removed恢复: 匹配关键词 作业规程,安全生产
《10700回采工作面作业规程》,安全生产,作业规程,False,,从removed恢复: 匹配关键词 作业规程,安全生产
《10709中面作业规程》,安全生产,作业规程,False,,从removed恢复: 匹配关键词 作业规程,安全生产
《11012采面作业规程》,安全生产,作业规程,False,,从removed恢复: 匹配关键词 作业规程,安全生产
《111501复采回风巷掘进作业规程》,安全生产,作业规程,False,,从removed恢复: 匹配关键词 作业规程,安全生产
《1121采煤工作面作业规程》,安全生产,作业规程,False,,从removed恢复: 匹配关键词 作业规程,安全生产
《113上05综采工作面作业规程》,安全生产,作业规程,False,,从removed恢复: 匹配关键词 作业规程,安全生产
《11503采煤工作面作业规程》,安全生产,作业规程,False,,从removed恢复: 匹配关键词 作业规程,安全生产
《11505综采工作面作业规程》,安全生产,作业规程,False,,从removed恢复: 匹配关键词 作业规程,安全生产
《11602采煤工作面作业规程》,安全生产,作业规程,False,,从removed恢复: 匹配关键词 作业规程,安全生产
《1200泄水巷掘进工作面作业规程》,安全生产,作业规程,False,,从removed恢复: 匹配关键词 作业规程,安全生产
《1303工作面回采作业规程》,安全生产,作业规程,False,,从removed恢复: 匹配关键词 作业规程,安全生产
《1305综采工作面作业规程》,安全生产,作业规程,False,,从removed恢复: 匹配关键词 作业规程,安全生产
《1308综放工作面作业规程》,安全生产,作业规程,False,,从removed恢复: 匹配关键词 作业规程,安全生产
《1319综放工作面作业规程》,安全生产,作业规程,False,,从removed恢复: 匹配关键词 作业规程,安全生产
《132621(外)综采工作面回采作业规程》,安全生产,作业规程,False,,从removed恢复: 匹配关键词 作业规程,安全生产
《1404回风巷掘进工作面作业规程》,安全生产,作业规程,False,,从removed恢复: 匹配关键词 作业规程,安全生产
《172402运料石门掘进工作面作业规程》,安全生产,作业规程,False,,从removed恢复: 匹配关键词 作业规程,安全生产
《172404综放工作面回采作业规程》,安全生产,作业规程,False,,从removed恢复: 匹配关键词 作业规程,安全生产
《174401里综采工作面回采作业规程》,安全生产,作业规程,False,,从removed恢复: 匹配关键词 作业规程,安全生产
《1905回采工作面作业规程》,安全生产,作业规程,False,,从removed恢复: 匹配关键词 作业规程,安全生产
《2012年北京市流通领域商品质量检测-成人服装抽样细则》,产品质量,商品质量,False,,从removed恢复: 匹配关键词 商品质量,产品质量
《2013年朝阳市汽、柴油商品质量监督抽查实施方案》,产品质量,商品质量,False,,从removed恢复: 匹配关键词 商品质量,产品质量
《2014年汽车用品商品质量检验结果通知书》,产品质量,商品质量,False,,从removed恢复: 匹配关键词 商品质量,产品质量
《2015年流通环节商品质量抽样取证检验结果通知书》,产品质量,商品质量,False,,从removed恢复: 匹配关键词 商品质量,产品质量
《2017年清理长期停业未经营企业工作方案》,未开业/自行停业,清理长期停业,False,,从removed恢复: 匹配关键词 清理长期停业,未开业/自行停业
《2017年第四季度成品油质量监督抽查实施细则》,产品质量,成品油质量监督抽查,False,,从removed恢复: 匹配关键词 成品油质量监督抽查,产品质量
《20316主运、辅运顺槽掘进工作面作业规程》,安全生产,作业规程,False,,从removed恢复: 匹配关键词 作业规程,安全生产
《20316主运顺槽掘进工作面作业规程》,安全生产,作业规程,False,,从removed恢复: 匹配关键词 作业规程,安全生产
《21310综采工作面回采作业规程》,安全生产,作业规程,False,,从removed恢复: 匹配关键词 作业规程,安全生产
《221513综采工作面作业规程》,安全生产,作业规程,False,,从removed恢复: 匹配关键词 作业规程,安全生产
《221517综采工作面作业规程》,安全生产,作业规程,False,,从removed恢复: 匹配关键词 作业规程,安全生产
《2305综放工作面作业规程》,安全生产,作业规程,False,,从removed恢复: 匹配关键词 作业规程,安全生产
《27316上顺槽掘进作业规程》,安全生产,作业规程,False,,从removed恢复: 匹配关键词 作业规程,安全生产
《27316上顺槽措施巷作业规程》,安全生产,作业规程,False,,从removed恢复: 匹配关键词 作业规程,安全生产
《27316下顺槽措施巷作业规程》,安全生产,作业规程,False,,从removed恢复: 匹配关键词 作业规程,安全生产
《30218综采工作面作业规程》,安全生产,作业规程,False,,从removed恢复: 匹配关键词 作业规程,安全生产
《3131综放工作面作业规程》,安全生产,作业规程,False,,从removed恢复: 匹配关键词 作业规程,安全生产
《3199采煤工作面作业规程》,安全生产,作业规程,False,,从removed恢复: 匹配关键词 作业规程,安全生产
《3202综采工作面作业规程》,安全生产,作业规程,False,,从removed恢复: 匹配关键词 作业规程,安全生产
《3204回撤通道掘进工作面作业规程》,安全生产,作业规程,False,,从removed恢复: 匹配关键词 作业规程,安全生产
《32K13综采工作面外切眼安装作业规程》,安全生产,作业规程,False,,从removed恢复: 匹配关键词 作业规程,安全生产
《3308综放工作面作业规程》,安全生产,作业规程,False,,从removed恢复: 匹配关键词 作业规程,安全生产
《3309综放工作面回采作业规程》,安全生产,作业规程,False,,从removed恢复: 匹配关键词 作业规程,安全生产
《3401综采工作面回采作业规程》,安全生产,作业规程,False,,从removed恢复: 匹配关键词 作业规程,安全生产
《3404采煤工作面作业规程》,安全生产,作业规程,False,,从removed恢复: 匹配关键词 作业规程,安全生产
《401106回采工作面作业规程》,安全生产,作业规程,False,,从removed恢复: 匹配关键词 作业规程,安全生产
《401110回风顺槽掘进工作面作业规程》,安全生产,作业规程,False,,从removed恢复: 匹配关键词 作业规程,安全生产
《402101掘进工作面作业规程》,安全生产,作业规程,False,,从removed恢复: 匹配关键词 作业规程,安全生产
《40307工作面回风顺槽掘进作业规程》,安全生产,作业规程,False,,从removed恢复: 匹配关键词 作业规程,安全生产
《40307胶带顺槽掘进工作面作业规程》,安全生产,作业规程,False,,从removed恢复: 匹配关键词 作业规程,安全生产
《4110综放工作面作业规程》,安全生产,作业规程,False,,从removed恢复: 匹配关键词 作业规程,安全生产
《4302综放工作面采煤作业规程》,安全生产,作业规程,False,,从removed恢复: 匹配关键词 作业规程,安全生产
《4316综放工作面作业规程》,安全生产,作业规程,False,,从removed恢复: 匹配关键词 作业规程,安全生产
《50106回撤通道掘进工作面作业规程》,安全生产,作业规程,False,,从removed恢复: 匹配关键词 作业规程,安全生产
《504主运顺槽掘进工作面扩帮作业规程》,安全生产,作业规程,False,,从removed恢复: 匹配关键词 作业规程,安全生产
《5108上分层回风顺槽作业规程》,安全生产,作业规程,False,,从removed恢复: 匹配关键词 作业规程,安全生产
《5108主运顺槽掘进作业规程》,安全生产,作业规程,False,,从removed恢复: 匹配关键词 作业规程,安全生产
《51101综采工作面作业规程》,安全生产,作业规程,False,,从removed恢复: 匹配关键词 作业规程,安全生产
《56902运料道掘进工作面作业规程》,安全生产,作业规程,False,,从removed恢复: 匹配关键词 作业规程,安全生产
《60306采煤工作面作业规程》第四节第七项,安全生产,作业规程,False,,"从removed恢复: 匹配关键词 作业规程, 清洗: 截断后缀""、""",安全生产
《6105作业规程》,安全生产,作业规程,False,,从removed恢复: 匹配关键词 作业规程,安全生产
《61701回风巷掘进工作面作业规程》,安全生产,作业规程,False,,从removed恢复: 匹配关键词 作业规程,安全生产
《7317综采工作面作业规程》,安全生产,作业规程,False,,从removed恢复: 匹配关键词 作业规程,安全生产
《8101运中巷掘进工作面作业规程》,安全生产,作业规程,False,,从removed恢复: 匹配关键词 作业规程,安全生产
《8302东工作面作业规程》,安全生产,作业规程,False,,从removed恢复: 匹配关键词 作业规程,安全生产
《8310工作面联络巷作业规程》,安全生产,作业规程,False,,从removed恢复: 匹配关键词 作业规程,安全生产
《8310综采工作面作业规程》,安全生产,作业规程,False,,从removed恢复: 匹配关键词 作业规程,安全生产
《8805采煤工作面作业规程》,安全生产,作业规程,False,,从removed恢复: 匹配关键词 作业规程,安全生产
《916上03工作面作业规程》,安全生产,作业规程,False,,从removed恢复: 匹配关键词 作业规程,安全生产
《9704低抽巷作业规程》,安全生产,作业规程,False,,从removed恢复: 匹配关键词 作业规程,安全生产
《9800皮带巷作业规程》,安全生产,作业规程,False,,从removed恢复: 匹配关键词 作业规程,安全生产
《C8315轨顺回迎掘进作业规程》,安全生产,作业规程,False,,从removed恢复: 匹配关键词 作业规程,安全生产
《GB/T 22106-2008 非发酵豆制品》,产品质量,GB/T,False,,从removed恢复: 匹配关键词 GB/T,产品质量
《GB/T 33271-2016 机织婴幼儿服装》,产品质量,GB/T,False,,从removed恢复: 匹配关键词 GB/T,产品质量
《GB/T8878-2009》,产品质量,GB/T,False,,从removed恢复: 匹配关键词 GB/T,产品质量
《GB/T8878-2014》,产品质量,GB/T,False,,从removed恢复: 匹配关键词 GB/T,产品质量
《GB19147-2013》,计量/器具,GB19147,False,,从removed恢复: 匹配关键词 GB19147,计量/器具
《GB5296.4-1998》,产品质量,GB5296,False,,从removed恢复: 匹配关键词 GB5296,产品质量
《GB7718-2011》,食品药品,GB7718,False,,从removed恢复: 匹配关键词 GB7718,食品药品
《JJG14-2016非自行指示秤》,计量/器具,JJG,False,,从removed恢复: 匹配关键词 JJG,计量/器具
《JJG52-2013弹性元件式一般压力表、压力真空表和真空表检定规程》,计量/器具,JJG,False,,从removed恢复: 匹配关键词 JJG,计量/器具
《QB/T2174-2006》,产品质量,QB/T,False,,从removed恢复: 匹配关键词 QB/T,产品质量
《QB/T2174-95》,产品质量,QB/T,False,,从removed恢复: 匹配关键词 QB/T,产品质量
《一盘区大巷煤柱条带膏体充填回收工作面作业规程》,安全生产,作业规程,False,,从removed恢复: 匹配关键词 作业规程,安全生产
《一盘区西翼进风巷掘进作业规程》,安全生产,作业规程,False,,从removed恢复: 匹配关键词 作业规程,安全生产
《一采区-200m标高回风石门掘进工作面作业规程》,安全生产,作业规程,False,,从removed恢复: 匹配关键词 作业规程,安全生产
《三都水族自治县粮食贸易有限责任公司关于食用油销售与召回的情况说明》,食品药品,食用油销售与召回,False,,从removed恢复: 匹配关键词 食用油销售与召回,食品药品
《上市公司信息披露管理办法》,金融/账户,上市公司信息披露,False,,从removed恢复: 匹配关键词 上市公司信息披露,金融/账户
《上市公司信息披露管理办法》第二条、第二十一条,金融/账户,上市公司信息披露,False,,从removed恢复: 匹配关键词 上市公司信息披露,金融/账户
《上市公司信息披露管理办法》第五十九条,金融/账户,上市公司信息披露,False,,从removed恢复: 匹配关键词 上市公司信息披露,金融/账户
《上海市公共汽车和电车乘坐规则》,交通运输违规,公共汽车和电车乘坐规则,False,,从removed恢复: 匹配关键词 公共汽车和电车乘坐规则,交通运输违规
《上海市出租汽车管理条例》第十八条第一款第一项,交通运输违规,出租汽车管理,False,,从removed恢复: 匹配关键词 出租汽车管理,交通运输违规
《上海市出租汽车管理条例》第十八条第一款第一项的规定,交通运输违规,出租汽车管理,False,,从removed恢复: 匹配关键词 出租汽车管理,交通运输违规
《上海市出租汽车管理条例》第十四条第四款,交通运输违规,出租汽车管理,False,,从removed恢复: 匹配关键词 出租汽车管理,交通运输违规
《上海市出租汽车管理条例》第四十九条第一款,交通运输违规,出租汽车管理,False,,从removed恢复: 匹配关键词 出租汽车管理,交通运输违规
《上海市出租汽车管理条例》第四十四条第一款第三项,交通运输违规,出租汽车管理,False,,从removed恢复: 匹配关键词 出租汽车管理,交通运输违规
《上海市河道管理条例》第三十五条第一项,海事安全,河道管理,False,,从removed恢复: 匹配关键词 河道管理,海事安全
《上海市河道管理条例》第二十七条第一款,海事安全,河道管理,False,,从removed恢复: 匹配关键词 河道管理,海事安全
《上海市河道管理条例》第十八条,海事安全,河道管理,False,,从removed恢复: 匹配关键词 河道管理,海事安全
《上海市河道管理条例》第四十三条,海事安全,河道管理,False,,从removed恢复: 匹配关键词 河道管理,海事安全
《上海市河道管理条例》第四十五条,海事安全,河道管理,False,,从removed恢复: 匹配关键词 河道管理,海事安全
《上海市河道管理条例》第四十四条,海事安全,河道管理,False,,从removed恢复: 匹配关键词 河道管理,海事安全
《专利法实施细则》第八十四条,侵犯商标/知识产权,专利,False,,从removed恢复: 匹配关键词 专利,侵犯商标/知识产权
《专利法实施细则》第八十四条第一款,侵犯商标/知识产权,专利,False,,从removed恢复: 匹配关键词 专利,侵犯商标/知识产权
《专利行政执法办法》第三十一条,侵犯商标/知识产权,专利,False,,从removed恢复: 匹配关键词 专利,侵犯商标/知识产权
《专利行政执法办法》第十一条,侵犯商标/知识产权,专利,False,,从removed恢复: 匹配关键词 专利,侵犯商标/知识产权
《专利行政执法办法》第十条第五款,侵犯商标/知识产权,专利,False,,从removed恢复: 匹配关键词 专利,侵犯商标/知识产权
《专利行政执法办法》第四十七条第一款,侵犯商标/知识产权,专利,False,,从removed恢复: 匹配关键词 专利,侵犯商标/知识产权
《中华人民共和国 海关行政处罚实施条例》第六十条,海关/进出口,海关行政处罚实施条例,False,,从removed恢复: 匹配关键词 海关行政处罚实施条例,海关/进出口
《中华人民共和国专利法》,侵犯商标/知识产权,专利,False,,从removed恢复: 匹配关键词 专利,侵犯商标/知识产权
《中华人民共和国专利法》第六十三条,侵犯商标/知识产权,专利,False,,从removed恢复: 匹配关键词 专利,侵犯商标/知识产权
《中华人民共和国专利法》第六十八条,侵犯商标/知识产权,专利,False,,从removed恢复: 匹配关键词 专利,侵犯商标/知识产权
《中华人民共和国专利法》第十一条第一款,侵犯商标/知识产权,专利,False,,从removed恢复: 匹配关键词 专利,侵犯商标/知识产权
《中华人民共和国专利法实施细则》第八十四条,侵犯商标/知识产权,专利,False,,从removed恢复: 匹配关键词 专利,侵犯商标/知识产权
《中华人民共和国专利法实施细则》第八十四条第一款第（三）项“下列行为属于专利法第六十三条,侵犯商标/知识产权,专利,False,,从removed恢复: 匹配关键词 专利,侵犯商标/知识产权
《中华人民共和国专利法实施细则（2010年修订）》第八十三条第一款规定：“专利权人依照专利法第十七条,侵犯商标/知识产权,专利,False,,从removed恢复: 匹配关键词 专利,侵犯商标/知识产权
《中华人民共和国传染病防治法》第七十三条第（二）项,卫生健康,传染病防治法,False,,从removed恢复: 匹配关键词 传染病防治法,卫生健康
《中华人民共和国传染病防治法》第七十九条,卫生健康,传染病防治法,False,,"从removed恢复: 匹配关键词 传染病防治法, 清洗: 截断后缀""和""",卫生健康
《中华人民共和国传染病防治法》第七条第二款,卫生健康,传染病防治法,False,,"从removed恢复: 匹配关键词 传染病防治法, 清洗: 截断后缀""、""",卫生健康
《中华人民共和国传染病防治法》第二十九条第一款,卫生健康,传染病防治法,False,,从removed恢复: 匹配关键词 传染病防治法,卫生健康
《中华人民共和国传染病防治法》第二十九条第一款的规定,卫生健康,传染病防治法,False,,"从removed恢复: 匹配关键词 传染病防治法, 清洗: 截断后缀""和""",卫生健康
《中华人民共和国传染病防治法》第二十九条第二款,卫生健康,传染病防治法,False,,从removed恢复: 匹配关键词 传染病防治法,卫生健康
《中华人民共和国传染病防治法》第六十九条第(一)项,卫生健康,传染病防治法,False,,"从removed恢复: 匹配关键词 传染病防治法, 清洗: 截断后缀""、""",卫生健康
《中华人民共和国劳动合同法》第三十一条第一款,劳动保障/用工,劳动合同法,False,,从removed恢复: 匹配关键词 劳动合同法,劳动保障/用工
《中华人民共和国劳动合同法》第三十条,劳动保障/用工,劳动合同法,False,,从removed恢复: 匹配关键词 劳动合同法,劳动保障/用工
《中华人民共和国劳动合同法》第三十条第一款,劳动保障/用工,劳动合同法,False,,从removed恢复: 匹配关键词 劳动合同法,劳动保障/用工
《中华人民共和国劳动合同法》第九条,劳动保障/用工,劳动合同法,False,,从removed恢复: 匹配关键词 劳动合同法,劳动保障/用工
《中华人民共和国劳动合同法》第八十五条第一项,劳动保障/用工,劳动合同法,False,,从removed恢复: 匹配关键词 劳动合同法,劳动保障/用工
《中华人民共和国劳动合同法》第八十四条,劳动保障/用工,劳动合同法,False,,从removed恢复: 匹配关键词 劳动合同法,劳动保障/用工
《中华人民共和国劳动合同法》第八十四条第二款,劳动保障/用工,劳动合同法,False,,从removed恢复: 匹配关键词 劳动合同法,劳动保障/用工
《中华人民共和国劳动合同法》第十六条、第三十条,劳动保障/用工,劳动合同法,False,,从removed恢复: 匹配关键词 劳动合同法,劳动保障/用工
《中华人民共和国劳动合同法》第四十六条,劳动保障/用工,劳动合同法,False,,从removed恢复: 匹配关键词 劳动合同法,劳动保障/用工
《中华人民共和国劳动合同法》第四条,劳动保障/用工,劳动合同法,False,,从removed恢复: 匹配关键词 劳动合同法,劳动保障/用工
《中华人民共和国合同法》,消费者权益/市场秩序,合同法,False,,从removed恢复: 匹配关键词 合同法,消费者权益/市场秩序
《中华人民共和国合同法》第一百一十七条,消费者权益/市场秩序,合同法,False,,从removed恢复: 匹配关键词 合同法,消费者权益/市场秩序
《中华人民共和国合同法》第一百二十一条,消费者权益/市场秩序,合同法,False,,从removed恢复: 匹配关键词 合同法,消费者权益/市场秩序
《中华人民共和国合同法》第三十九条,消费者权益/市场秩序,合同法,False,,从removed恢复: 匹配关键词 合同法,消费者权益/市场秩序
《中华人民共和国合同法》第三十九条第一款,消费者权益/市场秩序,合同法,False,,"从removed恢复: 匹配关键词 合同法, 清洗: 截断后缀""规定“采用格式条款""",消费者权益/市场秩序
《中华人民共和国合同法》第三十九条第二款,消费者权益/市场秩序,合同法,False,,"从removed恢复: 匹配关键词 合同法, 清洗: 截断后缀""“格式条款""",消费者权益/市场秩序
《中华人民共和国合同法》第二百七十二条第二款,消费者权益/市场秩序,合同法,False,,从removed恢复: 匹配关键词 合同法,消费者权益/市场秩序
《中华人民共和国合同法》第五条,消费者权益/市场秩序,合同法,False,,从removed恢复: 匹配关键词 合同法,消费者权益/市场秩序
《中华人民共和国合同法》第五条、第三十九条,消费者权益/市场秩序,合同法,False,,从removed恢复: 匹配关键词 合同法,消费者权益/市场秩序
《中华人民共和国合同法》第十四条、第十五条,消费者权益/市场秩序,合同法,False,,从removed恢复: 匹配关键词 合同法,消费者权益/市场秩序
《中华人民共和国国境卫生检疫法》第七条,海关/进出口/卫生健康,国境卫生检疫法,False,,"从removed恢复: 匹配关键词 国境卫生检疫法, 清洗: 截断后缀""、""",海关/进出口/卫生健康
《中华人民共和国国境卫生检疫法》第二十条第(一)项,海关/进出口/卫生健康,国境卫生检疫法,False,,从removed恢复: 匹配关键词 国境卫生检疫法,海关/进出口/卫生健康
《中华人民共和国国境卫生检疫法实施细则》第一百零九条第二项,海关/进出口/卫生健康,国境卫生检疫法,False,,从removed恢复: 匹配关键词 国境卫生检疫法,海关/进出口/卫生健康
《中华人民共和国国境卫生检疫法实施细则》第一百零九条第（四）项,海关/进出口/卫生健康,国境卫生检疫法,False,,从removed恢复: 匹配关键词 国境卫生检疫法,海关/进出口/卫生健康
《中华人民共和国国家计量检定规程(JJG907-2006)》,计量/器具,JJG,False,,从removed恢复: 匹配关键词 JJG,计量/器具
《中华人民共和国国家计量检定规程》,计量/器具,计量检定,False,,从removed恢复: 匹配关键词 计量检定,计量/器具
《中华人民共和国国家计量检定规程（JJG 907-2006）》,计量/器具,JJG,False,,从removed恢复: 匹配关键词 JJG,计量/器具
《中华人民共和国国家计量检定规程（JJG907-2006)》,计量/器具,JJG,False,,从removed恢复: 匹配关键词 JJG,计量/器具
《中华人民共和国国家计量检定规程（JJG907-2006）》,计量/器具,JJG,False,,从removed恢复: 匹配关键词 JJG,计量/器具
《中华人民共和国尘肺病防治条例》第二十三条第一项,劳动保障/用工,尘肺病防治,False,,从removed恢复: 匹配关键词 尘肺病防治,劳动保障/用工
《中华人民共和国建筑法》,建设工程,建筑法,False,,从removed恢复: 匹配关键词 建筑法,建设工程
《中华人民共和国建筑法》第46号)第七条,建设工程,建筑法,False,,从removed恢复: 匹配关键词 建筑法,建设工程
《中华人民共和国建筑法》第46号)第七条的规定,建设工程,建筑法,False,,从removed恢复: 匹配关键词 建筑法,建设工程
《中华人民共和国建筑法》第46号)第七条第一款,建设工程,建筑法,False,,从removed恢复: 匹配关键词 建筑法,建设工程
《中华人民共和国建筑法》第46号)第六十四条,建设工程,建筑法,False,,从removed恢复: 匹配关键词 建筑法,建设工程
《中华人民共和国建筑法》第46号）第七条第一款,建设工程,建筑法,False,,从removed恢复: 匹配关键词 建筑法,建设工程
《中华人民共和国建筑法》第46号）第六十四条,建设工程,建筑法,False,,"从removed恢复: 匹配关键词 建筑法, 清洗: 截断后缀""、""",建设工程
《中华人民共和国建筑法》第64条,建设工程,建筑法,False,,"从removed恢复: 匹配关键词 建筑法, 清洗: 截断后缀""、""",建设工程
《中华人民共和国建筑法》第7条,建设工程,建筑法,False,,"从removed恢复: 匹配关键词 建筑法, 清洗: 截断后缀""和""",建设工程
《中华人民共和国建筑法》第七十一条,建设工程,建筑法,False,,从removed恢复: 匹配关键词 建筑法,建设工程
《中华人民共和国建筑法》第七十一条第一款,建设工程,建筑法,False,,"从removed恢复: 匹配关键词 建筑法, 清洗: 截断后缀"";""",建设工程
《中华人民共和国建筑法》第七十六条,建设工程,建筑法,False,,从removed恢复: 匹配关键词 建筑法,建设工程
《中华人民共和国建筑法》第七十四条,建设工程,建筑法,False,,"从removed恢复: 匹配关键词 建筑法, 清洗: 截断后缀""和国务院""",建设工程
《中华人民共和国建筑法》第七条,建设工程,建筑法,False,,从removed恢复: 匹配关键词 建筑法,建设工程
《中华人民共和国建筑法》第七条和第六十四条,建设工程,建筑法,False,,从removed恢复: 匹配关键词 建筑法,建设工程
《中华人民共和国建筑法》第七条的规定,建设工程,建筑法,False,,从removed恢复: 匹配关键词 建筑法,建设工程
《中华人民共和国建筑法》第七条第一款,建设工程,建筑法,False,,从removed恢复: 匹配关键词 建筑法,建设工程
《中华人民共和国建筑法》第七条第一款)的规定,建设工程,建筑法,False,,从removed恢复: 匹配关键词 建筑法,建设工程
《中华人民共和国建筑法》第七条第一款的规定,建设工程,建筑法,False,,从removed恢复: 匹配关键词 建筑法,建设工程
《中华人民共和国建筑法》第三十九条,建设工程,建筑法,False,,"从removed恢复: 匹配关键词 建筑法, 清洗: 截断后缀""、""",建设工程
《中华人民共和国建筑法》第三十九条第二款,建设工程,建筑法,False,,"从removed恢复: 匹配关键词 建筑法, 清洗: 截断后缀""、""",建设工程
《中华人民共和国建筑法》第三十二条第一款,建设工程,建筑法,False,,"从removed恢复: 匹配关键词 建筑法, 清洗: 截断后缀""和""",建设工程
《中华人民共和国建筑法》第二十九条,建设工程,建筑法,False,,"从removed恢复: 匹配关键词 建筑法, 清洗: 截断后缀""和""",建设工程
《中华人民共和国建筑法》第二十九条的规定,建设工程,建筑法,False,,从removed恢复: 匹配关键词 建筑法,建设工程
《中华人民共和国建筑法》第二十九条第一款,建设工程,建筑法,False,,"从removed恢复: 匹配关键词 建筑法, 清洗: 截断后缀""和""",建设工程
《中华人民共和国建筑法》第二十九条第三款,建设工程,建筑法,False,,"从removed恢复: 匹配关键词 建筑法, 清洗: 截断后缀""、""",建设工程
《中华人民共和国建筑法》第二十八条,建设工程,建筑法,False,,从removed恢复: 匹配关键词 建筑法,建设工程
《中华人民共和国建筑法》第二十六条,建设工程,建筑法,False,,"从removed恢复: 匹配关键词 建筑法, 清洗: 截断后缀""、""",建设工程
《中华人民共和国建筑法》第二十六条第二款,建设工程,建筑法,False,,"从removed恢复: 匹配关键词 建筑法, 清洗: 截断后缀""、""",建设工程
《中华人民共和国建筑法》第二十四条,建设工程,建筑法,False,,"从removed恢复: 匹配关键词 建筑法, 清洗: 截断后缀""、""",建设工程
《中华人民共和国建筑法》第五十八条第二款,建设工程,建筑法,False,,从removed恢复: 匹配关键词 建筑法,建设工程
《中华人民共和国建筑法》第六十一条第二款,建设工程,建筑法,False,,"从removed恢复: 匹配关键词 建筑法, 清洗: 截断后缀""以及""",建设工程
《中华人民共和国建筑法》第六十七条,建设工程,建筑法,False,,从removed恢复: 匹配关键词 建筑法,建设工程
《中华人民共和国建筑法》第六十七条第一款,建设工程,建筑法,False,,从removed恢复: 匹配关键词 建筑法,建设工程
《中华人民共和国建筑法》第六十五条,建设工程,建筑法,False,,"从removed恢复: 匹配关键词 建筑法, 清洗: 截断后缀"";""",建设工程
《中华人民共和国建筑法》第六十六条,建设工程,建筑法,False,,"从removed恢复: 匹配关键词 建筑法, 清洗: 截断后缀""、""",建设工程
《中华人民共和国建筑法》第六十四条,建设工程,建筑法,False,,从removed恢复: 匹配关键词 建筑法,建设工程
《中华人民共和国建筑法》第六十四条第一款,建设工程,建筑法,False,,"从removed恢复: 匹配关键词 建筑法, 清洗: 截断后缀""、""",建设工程
《中华人民共和国建筑法》第十四条,建设工程,建筑法,False,,从removed恢复: 匹配关键词 建筑法,建设工程
《中华人民共和国建筑法》第四十四条第一款,建设工程,建筑法,False,,从removed恢复: 匹配关键词 建筑法,建设工程
《中华人民共和国建筑法第第七条的规定,建设工程,建筑法,False,,从removed恢复: 匹配关键词 建筑法,建设工程
《中华人民共和国水法(2016)》第六十九条第一款第一项,环境保护,中华人民共和国水法,False,,从removed恢复: 匹配关键词 中华人民共和国水法,环境保护
《中华人民共和国水法》,环境保护,中华人民共和国水法,False,,从removed恢复: 匹配关键词 中华人民共和国水法,环境保护
《中华人民共和国水法》办法第三十六条第三项,环境保护,中华人民共和国水法,False,,从removed恢复: 匹配关键词 中华人民共和国水法,环境保护
《中华人民共和国水法》第48条,环境保护,中华人民共和国水法,False,,从removed恢复: 匹配关键词 中华人民共和国水法,环境保护
《中华人民共和国水法》第65条,环境保护,中华人民共和国水法,False,,"从removed恢复: 匹配关键词 中华人民共和国水法, 清洗: 截断后缀""、国务院""",环境保护
《中华人民共和国水法》第七条,环境保护,中华人民共和国水法,False,,从removed恢复: 匹配关键词 中华人民共和国水法,环境保护
《中华人民共和国水法》第三十八条,环境保护,中华人民共和国水法,False,,从removed恢复: 匹配关键词 中华人民共和国水法,环境保护
《中华人民共和国水法》第三十八条第一款的规定,环境保护,中华人民共和国水法,False,,从removed恢复: 匹配关键词 中华人民共和国水法,环境保护
《中华人民共和国水法》第三十四条第二款,环境保护,中华人民共和国水法,False,,从removed恢复: 匹配关键词 中华人民共和国水法,环境保护
《中华人民共和国水法》第六十七条第二款,环境保护,中华人民共和国水法,False,,从removed恢复: 匹配关键词 中华人民共和国水法,环境保护
《中华人民共和国水法》第六十七第二款,环境保护,中华人民共和国水法,False,,从removed恢复: 匹配关键词 中华人民共和国水法,环境保护
《中华人民共和国水法》第六十九条,环境保护,中华人民共和国水法,False,,从removed恢复: 匹配关键词 中华人民共和国水法,环境保护
《中华人民共和国水法》第六十九条的规定,环境保护,中华人民共和国水法,False,,从removed恢复: 匹配关键词 中华人民共和国水法,环境保护
《中华人民共和国水法》第六十九条第(一)项,环境保护,中华人民共和国水法,False,,从removed恢复: 匹配关键词 中华人民共和国水法,环境保护
《中华人民共和国水法》第六十九条第(一)项的规定,环境保护,中华人民共和国水法,False,,从removed恢复: 匹配关键词 中华人民共和国水法,环境保护
《中华人民共和国水法》第六十九条第(二)项,环境保护,中华人民共和国水法,False,,从removed恢复: 匹配关键词 中华人民共和国水法,环境保护
《中华人民共和国水法》第六十九条第(二)项之规定,环境保护,中华人民共和国水法,False,,从removed恢复: 匹配关键词 中华人民共和国水法,环境保护
《中华人民共和国水法》第六十九条第一款,环境保护,中华人民共和国水法,False,,从removed恢复: 匹配关键词 中华人民共和国水法,环境保护
《中华人民共和国水法》第六十九条第一款第(一)项,环境保护,中华人民共和国水法,False,,从removed恢复: 匹配关键词 中华人民共和国水法,环境保护
《中华人民共和国水法》第六十九条第一款第一项,环境保护,中华人民共和国水法,False,,从removed恢复: 匹配关键词 中华人民共和国水法,环境保护
《中华人民共和国水法》第六十九条第一项,环境保护,中华人民共和国水法,False,,从removed恢复: 匹配关键词 中华人民共和国水法,环境保护
《中华人民共和国水法》第六十九条第一项的规定,环境保护,中华人民共和国水法,False,,从removed恢复: 匹配关键词 中华人民共和国水法,环境保护
《中华人民共和国水法》第六十九条第二款,环境保护,中华人民共和国水法,False,,从removed恢复: 匹配关键词 中华人民共和国水法,环境保护
《中华人民共和国水法》第六十九条第二项,环境保护,中华人民共和国水法,False,,从removed恢复: 匹配关键词 中华人民共和国水法,环境保护
《中华人民共和国水法》第六十九条第二项的规定,环境保护,中华人民共和国水法,False,,从removed恢复: 匹配关键词 中华人民共和国水法,环境保护
《中华人民共和国水法》第六十九条第（一）项,环境保护,中华人民共和国水法,False,,从removed恢复: 匹配关键词 中华人民共和国水法,环境保护
《中华人民共和国水法》第六十九条第（二）项,环境保护,中华人民共和国水法,False,,从removed恢复: 匹配关键词 中华人民共和国水法,环境保护
《中华人民共和国水法》第六十九第二款,环境保护,中华人民共和国水法,False,,从removed恢复: 匹配关键词 中华人民共和国水法,环境保护
《中华人民共和国水法》第六十六条,环境保护,中华人民共和国水法,False,,从removed恢复: 匹配关键词 中华人民共和国水法,环境保护
《中华人民共和国水法》第四十九条,环境保护,中华人民共和国水法,False,,从removed恢复: 匹配关键词 中华人民共和国水法,环境保护
《中华人民共和国水法》第四十九条第一款,环境保护,中华人民共和国水法,False,,从removed恢复: 匹配关键词 中华人民共和国水法,环境保护
《中华人民共和国水法》第四十九条第一款的规定,环境保护,中华人民共和国水法,False,,从removed恢复: 匹配关键词 中华人民共和国水法,环境保护
《中华人民共和国水法》第四十八条,环境保护,中华人民共和国水法,False,,从removed恢复: 匹配关键词 中华人民共和国水法,环境保护
《中华人民共和国水法》第四十八条、第四十九条,环境保护,中华人民共和国水法,False,,从removed恢复: 匹配关键词 中华人民共和国水法,环境保护
《中华人民共和国水法》第四十八条之规定,环境保护,中华人民共和国水法,False,,从removed恢复: 匹配关键词 中华人民共和国水法,环境保护
《中华人民共和国水法》第四十八条的规定,环境保护,中华人民共和国水法,False,,从removed恢复: 匹配关键词 中华人民共和国水法,环境保护
《中华人民共和国水法》第四十八条第一款,环境保护,中华人民共和国水法,False,,从removed恢复: 匹配关键词 中华人民共和国水法,环境保护
《中华人民共和国水法》第四十八条第一款之规定,环境保护,中华人民共和国水法,False,,从removed恢复: 匹配关键词 中华人民共和国水法,环境保护
《中华人民共和国水法》第四十八条第一款的规定,环境保护,中华人民共和国水法,False,,从removed恢复: 匹配关键词 中华人民共和国水法,环境保护
《中华人民共和国水法》第四十八条第二款,环境保护,中华人民共和国水法,False,,从removed恢复: 匹配关键词 中华人民共和国水法,环境保护
《中华人民共和国海关行政处罚实施条例》,海关/进出口,海关行政处罚实施条例,False,,从removed恢复: 匹配关键词 海关行政处罚实施条例,海关/进出口
《中华人民共和国海关行政处罚实施条例》第七条第(三)项,海关/进出口,海关行政处罚实施条例,False,,从removed恢复: 匹配关键词 海关行政处罚实施条例,海关/进出口
《中华人民共和国海关行政处罚实施条例》第九条第一款(三)项,海关/进出口,海关行政处罚实施条例,False,,从removed恢复: 匹配关键词 海关行政处罚实施条例,海关/进出口
《中华人民共和国海关行政处罚实施条例》第九条第一款第三项之规定,海关/进出口,海关行政处罚实施条例,False,,从removed恢复: 匹配关键词 海关行政处罚实施条例,海关/进出口
《中华人民共和国海关行政处罚实施条例》第五十六条之规定,海关/进出口,海关行政处罚实施条例,False,,从removed恢复: 匹配关键词 海关行政处罚实施条例,海关/进出口
《中华人民共和国海关行政处罚实施条例》第十五条第(一)款,海关/进出口,海关行政处罚实施条例,False,,从removed恢复: 匹配关键词 海关行政处罚实施条例,海关/进出口
《中华人民共和国海关行政处罚实施条例》第十五条第(一)项,海关/进出口,海关行政处罚实施条例,False,,从removed恢复: 匹配关键词 海关行政处罚实施条例,海关/进出口
《中华人民共和国海关行政处罚实施条例》第十五条第(一)项、第(四)项、第十六条之规定,海关/进出口,海关行政处罚实施条例,False,,从removed恢复: 匹配关键词 海关行政处罚实施条例,海关/进出口
《中华人民共和国海关行政处罚实施条例》第十五条第(三)项,海关/进出口,海关行政处罚实施条例,False,,从removed恢复: 匹配关键词 海关行政处罚实施条例,海关/进出口
《中华人民共和国海关行政处罚实施条例》第十五条第(二)项,海关/进出口,海关行政处罚实施条例,False,,从removed恢复: 匹配关键词 海关行政处罚实施条例,海关/进出口
《中华人民共和国海关行政处罚实施条例》第十五条第(五)项,海关/进出口,海关行政处罚实施条例,False,,从removed恢复: 匹配关键词 海关行政处罚实施条例,海关/进出口
《中华人民共和国海关行政处罚实施条例》第十五条第(四)项、第十六条之规定,海关/进出口,海关行政处罚实施条例,False,,从removed恢复: 匹配关键词 海关行政处罚实施条例,海关/进出口
《中华人民共和国海关行政处罚实施条例》第十五条第(四)项之规定,海关/进出口,海关行政处罚实施条例,False,,从removed恢复: 匹配关键词 海关行政处罚实施条例,海关/进出口
《中华人民共和国海关行政处罚实施条例》第十五条第一项,海关/进出口,海关行政处罚实施条例,False,,从removed恢复: 匹配关键词 海关行政处罚实施条例,海关/进出口
《中华人民共和国海关行政处罚实施条例》第十五条第五项、第十六条,海关/进出口,海关行政处罚实施条例,False,,"从removed恢复: 匹配关键词 海关行政处罚实施条例, 清洗: 截断后缀""规定""",海关/进出口
《中华人民共和国海关行政处罚实施条例》第十五条第四项,海关/进出口,海关行政处罚实施条例,False,,从removed恢复: 匹配关键词 海关行政处罚实施条例,海关/进出口
《中华人民共和国海关行政处罚实施条例》第十五条第四项、第十六条的规定,海关/进出口,海关行政处罚实施条例,False,,从removed恢复: 匹配关键词 海关行政处罚实施条例,海关/进出口
《中华人民共和国海关行政处罚实施条例》第十五条第（四）项,海关/进出口,海关行政处罚实施条例,False,,从removed恢复: 匹配关键词 海关行政处罚实施条例,海关/进出口
《中华人民共和国海关行政处罚实施条例》第十八条第一款(三)项之规定,海关/进出口,海关行政处罚实施条例,False,,从removed恢复: 匹配关键词 海关行政处罚实施条例,海关/进出口
《中华人民共和国海关行政处罚实施条例》第十八条第一款第(七)项,海关/进出口,海关行政处罚实施条例,False,,从removed恢复: 匹配关键词 海关行政处罚实施条例,海关/进出口
《中华人民共和国海关行政处罚实施条例》第十八条第一款第(三)项,海关/进出口,海关行政处罚实施条例,False,,从removed恢复: 匹配关键词 海关行政处罚实施条例,海关/进出口
《中华人民共和国海关行政处罚实施条例》第十八条第五项,海关/进出口,海关行政处罚实施条例,False,,从removed恢复: 匹配关键词 海关行政处罚实施条例,海关/进出口
《中华人民共和国海关行政处罚实施条例》第十八条第（一）、（四）项,海关/进出口,海关行政处罚实施条例,False,,从removed恢复: 匹配关键词 海关行政处罚实施条例,海关/进出口
《中华人民共和国电信条例》第七十一条款关于“违反本条例第四十一条,网络/数据安全,电信条例,False,,从removed恢复: 匹配关键词 电信条例,网络/数据安全
《中华人民共和国电信条例》第四十一条第一款第(一)项,网络/数据安全,电信条例,False,,从removed恢复: 匹配关键词 电信条例,网络/数据安全
《中华人民共和国电信条例》第四十六条,网络/数据安全,电信条例,False,,从removed恢复: 匹配关键词 电信条例,网络/数据安全
《中华人民共和国电子商务法》,网络市场交易/市场秩序,电子商务法,False,,从removed恢复: 匹配关键词 电子商务法,网络市场交易/市场秩序
《中华人民共和国电子商务法》第七十六条第一款第（一）项,网络市场交易/市场秩序,电子商务法,False,,从removed恢复: 匹配关键词 电子商务法,网络市场交易/市场秩序
《中华人民共和国电子商务法》第八十条第（四）项,网络市场交易/市场秩序,电子商务法,False,,从removed恢复: 匹配关键词 电子商务法,网络市场交易/市场秩序
《中华人民共和国电子商务法》第十五条第一款,网络市场交易/市场秩序,电子商务法,False,,从removed恢复: 匹配关键词 电子商务法,网络市场交易/市场秩序
《中华人民共和国经济合同法》,消费者权益/市场秩序,合同法,False,,从removed恢复: 匹配关键词 合同法,消费者权益/市场秩序
《中华人民共和国网络完全法》第二十一条、第五十九条第一款,网络/数据安全,网络完全法,False,,从removed恢复: 匹配关键词 网络完全法,网络/数据安全
《中华人民共和国职业防治法》第七十一条第（四）项,劳动保障/用工,职业防治法,False,,从removed恢复: 匹配关键词 职业防治法,劳动保障/用工
《中华人民共和国职业防治法》第三十五条第一款,劳动保障/用工,职业防治法,False,,从removed恢复: 匹配关键词 职业防治法,劳动保障/用工
《中华人民共和国航标条例》第十七条第(七)项,海事安全,航标条例,False,,从removed恢复: 匹配关键词 航标条例,海事安全
《中华人民共和国航标条例》第十七条第(六)项,海事安全,航标条例,False,,从removed恢复: 匹配关键词 航标条例,海事安全
《中华人民共和国航标条例》第十五条第(五)项,海事安全,航标条例,False,,从removed恢复: 匹配关键词 航标条例,海事安全
《中华人民共和国航道法》第三十九条第一款,交通运输违规,航道法,False,,从removed恢复: 匹配关键词 航道法,交通运输违规
《中华人民共和国航道法》第三十五条第（四）项,交通运输违规,航道法,False,,从removed恢复: 匹配关键词 航道法,交通运输违规
《中华人民共和国航道法》第二十八条第一款,交通运输违规,航道法,False,,从removed恢复: 匹配关键词 航道法,交通运输违规
《中华人民共和国航道法》第四十二条第（四）项,交通运输违规,航道法,False,,从removed恢复: 匹配关键词 航道法,交通运输违规
《中华人民共和国草原法》,环境保护,草原法,False,,从removed恢复: 匹配关键词 草原法,环境保护
《中华人民共和国草原法》第三十八条,环境保护,草原法,False,,从removed恢复: 匹配关键词 草原法,环境保护
《中华人民共和国草原法》第六十五条,环境保护,草原法,False,,从removed恢复: 匹配关键词 草原法,环境保护
《中华人民共和国药典》,食品药品,中华人民共和国药典,False,,从removed恢复: 匹配关键词 中华人民共和国药典,食品药品
《中华人民共和国著作权法》,侵犯商标/知识产权,著作权法,False,,"从removed恢复: 匹配关键词 著作权法, 清洗: 截断后缀""、本条""",侵犯商标/知识产权
《中华人民共和国著作权法》第二十六条第一款,侵犯商标/知识产权,著作权法,False,,从removed恢复: 匹配关键词 著作权法,侵犯商标/知识产权
《中华人民共和国著作权法》第五十三条第(一)项,侵犯商标/知识产权,著作权法,False,,从removed恢复: 匹配关键词 著作权法,侵犯商标/知识产权
《中华人民共和国著作权法》第五十三条第一款,侵犯商标/知识产权,著作权法,False,,从removed恢复: 匹配关键词 著作权法,侵犯商标/知识产权
《中华人民共和国著作权法》第五十三条第一项,侵犯商标/知识产权,著作权法,False,,从removed恢复: 匹配关键词 著作权法,侵犯商标/知识产权
《中华人民共和国著作权法》第十条第一款第五项,侵犯商标/知识产权,著作权法,False,,"从removed恢复: 匹配关键词 著作权法, 清洗: 截断后缀""、""",侵犯商标/知识产权
《中华人民共和国著作权法》第四十八条,侵犯商标/知识产权,著作权法,False,,从removed恢复: 匹配关键词 著作权法,侵犯商标/知识产权
《中华人民共和国计量法》第九条,计量/器具,计量法,False,,从removed恢复: 匹配关键词 计量法,计量/器具
《中华人民共和国计量法》第九条第一款,计量/器具,计量法,False,,从removed恢复: 匹配关键词 计量法,计量/器具
《中华人民共和国计量法》第二十五条,计量/器具,计量法,False,,从removed恢复: 匹配关键词 计量法,计量/器具
《中华人民共和国计量法》第二十六条,计量/器具,计量法,False,,从removed恢复: 匹配关键词 计量法,计量/器具
《中华人民共和国计量法》第十六条的规定,计量/器具,计量法,False,,"从removed恢复: 匹配关键词 计量法, 清洗: 截断后缀""根据""",计量/器具
《中华人民共和国计量法实施细则?》第四十三条,计量/器具,计量法,False,,从removed恢复: 匹配关键词 计量法,计量/器具
《中华人民共和国计量法实施细则》,计量/器具,计量法,False,,从removed恢复: 匹配关键词 计量法,计量/器具
《中华人民共和国计量法实施细则》第二十二条,计量/器具,计量法,False,,从removed恢复: 匹配关键词 计量法,计量/器具
《中华人民共和国计量法实施细则》第五十一条,计量/器具,计量法,False,,从removed恢复: 匹配关键词 计量法,计量/器具
《中华人民共和国计量法实施细则》第六条第一款,计量/器具,计量法,False,,从removed恢复: 匹配关键词 计量法,计量/器具
《中华人民共和国计量法实施细则》第四十三条,计量/器具,计量法,False,,从removed恢复: 匹配关键词 计量法,计量/器具
《中华人民共和国计量法实施细则》第四十三条第一款,计量/器具,计量法,False,,从removed恢复: 匹配关键词 计量法,计量/器具
《中华人民共和国计量法实施细则》第四十六条,计量/器具,计量法,False,,从removed恢复: 匹配关键词 计量法,计量/器具
《中华人民共和国进出境动植物检疫法》,海关/进出口,进出境,False,,从removed恢复: 匹配关键词 进出境,海关/进出口
《中华人民共和国进出境动植物检疫法》第三十九条,海关/进出口,进出境,False,,"从removed恢复: 匹配关键词 进出境, 清洗: 截断后缀""、""",海关/进出口
《中华人民共和国进出境动植物检疫法》第二十条第一款,海关/进出口,进出境,False,,从removed恢复: 匹配关键词 进出境,海关/进出口
《中华人民共和国进出境动植物检疫法》第十二条,海关/进出口,进出境,False,,从removed恢复: 匹配关键词 进出境,海关/进出口
《中华人民共和国进出境动植物检疫法》第十四条第一款,海关/进出口,进出境,False,,从removed恢复: 匹配关键词 进出境,海关/进出口
《中华人民共和国进出境动植物检疫法实施条例》第六十条第一款第一项,海关/进出口,进出境,False,,从removed恢复: 匹配关键词 进出境,海关/进出口
《中华人民共和国进出境动植物检疫法实施条例》第十八条,海关/进出口,进出境,False,,从removed恢复: 匹配关键词 进出境,海关/进出口
《中华人民共和国邮政法》,交通运输违规,邮政法,False,,从removed恢复: 匹配关键词 邮政法,交通运输违规
《中华人民共和国邮政法》第15条第4款,交通运输违规,邮政法,False,,从removed恢复: 匹配关键词 邮政法,交通运输违规
《中华人民共和国邮政法》第24条,交通运输违规,邮政法,False,,从removed恢复: 匹配关键词 邮政法,交通运输违规
《中华人民共和国邮政法》第25条第1款,交通运输违规,邮政法,False,,从removed恢复: 匹配关键词 邮政法,交通运输违规
《中华人民共和国邮政法》第2条第4款,交通运输违规,邮政法,False,,从removed恢复: 匹配关键词 邮政法,交通运输违规
《中华人民共和国邮政法》第54条第1款,交通运输违规,邮政法,False,,从removed恢复: 匹配关键词 邮政法,交通运输违规
《中华人民共和国邮政法》第59条第1款本法第六条、第二十一条、第二十二条、第二十四条、第二十五条、第二十六条第一款,交通运输违规,邮政法,False,,从removed恢复: 匹配关键词 邮政法,交通运输违规
《中华人民共和国邮政法》第七十三条的规定,交通运输违规,邮政法,False,,从removed恢复: 匹配关键词 邮政法,交通运输违规
《中华人民共和国邮政法》第七十五条第一款,交通运输违规,邮政法,False,,从removed恢复: 匹配关键词 邮政法,交通运输违规
《中华人民共和国邮政法》第六十七条,交通运输违规,邮政法,False,,从removed恢复: 匹配关键词 邮政法,交通运输违规
《中华人民共和国长江保护法》第七十二条,环境保护,长江保护法,False,,"从removed恢复: 匹配关键词 长江保护法, 清洗: 截断后缀""、""",环境保护
《中华人民共和国防洪法》第二十七条,环境保护,防洪法,False,,从removed恢复: 匹配关键词 防洪法,环境保护
《中华人民共和国防洪法》第二十二条,环境保护,防洪法,False,,从removed恢复: 匹配关键词 防洪法,环境保护
《中华人民共和国防洪法》第二十二条第二款,环境保护,防洪法,False,,从removed恢复: 匹配关键词 防洪法,环境保护
《中华人民共和国防洪法》第二十二条第二项,环境保护,防洪法,False,,从removed恢复: 匹配关键词 防洪法,环境保护
《中华人民共和国防洪法》第五十七条的规定,环境保护,防洪法,False,,从removed恢复: 匹配关键词 防洪法,环境保护
《中华人民共和国防洪法》第五十五条,环境保护,防洪法,False,,从removed恢复: 匹配关键词 防洪法,环境保护
《中华人民共和国防洪法》第五十五条第(一)项“违反本法第二十二条第二款、第三款,环境保护,防洪法,False,,从removed恢复: 匹配关键词 防洪法,环境保护
《中华人民共和国防洪法》第五十五条第二项,环境保护,防洪法,False,,从removed恢复: 匹配关键词 防洪法,环境保护
《中华人民共和国黄河保护法》第五十条第一款,环境保护,黄河保护法,False,,从removed恢复: 匹配关键词 黄河保护法,环境保护
《云南省城市出租汽车管理办法》第三十五条第二项的规定,交通运输违规,出租汽车管理,False,,"从removed恢复: 匹配关键词 出租汽车管理, 清洗: 截断后缀""“违反二十条""",交通运输违规
《云南省城市出租汽车管理办法》第二十条第六项,交通运输违规,出租汽车管理,False,,从removed恢复: 匹配关键词 出租汽车管理,交通运输违规
《云南省查处生产销售伪劣商品行为条例》,产品质量,伪劣商品,False,,从removed恢复: 匹配关键词 伪劣商品,产品质量
《互联网上网服务营业场所管理条例》第三十三条第(一)项,公共文化与传媒,互联网,False,,从removed恢复: 匹配关键词 互联网,公共文化与传媒
《互联网上网服务营业场所管理条例》第三十二条,公共文化与传媒,互联网,False,,从removed恢复: 匹配关键词 互联网,公共文化与传媒
《互联网上网服务营业场所管理条例》第三十二条第(二)项,公共文化与传媒,互联网,False,,从removed恢复: 匹配关键词 互联网,公共文化与传媒
《互联网上网服务营业场所管理条例》第二十一条第一款,公共文化与传媒,互联网,False,,从removed恢复: 匹配关键词 互联网,公共文化与传媒
《互联网上网服务营业场所管理条例》第二十一条第二款,公共文化与传媒,互联网,False,,从removed恢复: 匹配关键词 互联网,公共文化与传媒
《互联网上网服务营业场所管理条例》第二十三条,公共文化与传媒,互联网,False,,从removed恢复: 匹配关键词 互联网,公共文化与传媒
《互联网文化管理暂行规定》第二十四条第一款“经营性互联网文化单位违反本规定第十三条,公共文化与传媒,互联网,False,,从removed恢复: 匹配关键词 互联网,公共文化与传媒
《互联网文化管理暂行规定》第十三条第一款,公共文化与传媒,互联网,False,,从removed恢复: 匹配关键词 互联网,公共文化与传媒
《互联网文化管理暂行规定》第十六条,公共文化与传媒,互联网,False,,从removed恢复: 匹配关键词 互联网,公共文化与传媒
《互联网文化管理暂行规定》第十六条第(七)项,公共文化与传媒,互联网,False,,从removed恢复: 匹配关键词 互联网,公共文化与传媒
《互联网文化管理暂行规定》第十六条第(九)项,公共文化与传媒,互联网,False,,从removed恢复: 匹配关键词 互联网,公共文化与传媒
《互联网视听节目服务管理规定》第十四条、第十六条第（七）项、第（十）项,公共文化与传媒,互联网,False,,从removed恢复: 匹配关键词 互联网,公共文化与传媒
《五采区瓦斯参数测定巷掘进工作面作业规程》,安全生产,作业规程,False,,从removed恢复: 匹配关键词 作业规程,安全生产
《传染病防治法》第二十九条第二款,卫生健康,传染病防治法,False,,"从removed恢复: 匹配关键词 传染病防治法, 清洗: 截断后缀"";""",卫生健康
《传染病防治法》第六十九条第一项,卫生健康,传染病防治法,False,,从removed恢复: 匹配关键词 传染病防治法,卫生健康
《保安服务管理 条例》第四十二条第一款第(四)项,治安管理,保安服务,False,,从removed恢复: 匹配关键词 保安服务,治安管理
《保安服务管理条例》,治安管理,保安服务,False,,从removed恢复: 匹配关键词 保安服务,治安管理
《保安服务管理条例》第十三条、第四十二条第一款第(四)项,治安管理,保安服务,False,,从removed恢复: 匹配关键词 保安服务,治安管理
《保安服务管理条例》第十八条,治安管理,保安服务,False,,从removed恢复: 匹配关键词 保安服务,治安管理
《保安服务管理条例》第十八条第一款之规定,治安管理,保安服务,False,,从removed恢复: 匹配关键词 保安服务,治安管理
《保安服务管理条例》第十六条,治安管理,保安服务,False,,从removed恢复: 匹配关键词 保安服务,治安管理
《保安服务管理条例》第十六条、第十八条、第四十二条第一款第（四）项,治安管理,保安服务,False,,从removed恢复: 匹配关键词 保安服务,治安管理
《保安服务管理条例》第十六条第一款、第十八条第一款、第四十二条第一款第四项,治安管理,保安服务,False,,从removed恢复: 匹配关键词 保安服务,治安管理
《保安服务管理条例》第十六条第一款、第四十二条第一款第(四)项,治安管理,保安服务,False,,从removed恢复: 匹配关键词 保安服务,治安管理
《保安服务管理条例》第十六款第一款、第四十二条第一款第(四)项,治安管理,保安服务,False,,从removed恢复: 匹配关键词 保安服务,治安管理
《保安服务管理条例》第十四条、第四十二条第一款第(二)项,治安管理,保安服务,False,,从removed恢复: 匹配关键词 保安服务,治安管理
《保安服务管理条例》第四十二条,治安管理,保安服务,False,,从removed恢复: 匹配关键词 保安服务,治安管理
《保安服务管理条例》第四十二条第一款第(二)项,治安管理,保安服务,False,,从removed恢复: 匹配关键词 保安服务,治安管理
《保安服务管理条例》第四十二条第一款第(四)项,治安管理,保安服务,False,,从removed恢复: 匹配关键词 保安服务,治安管理
《保安服务管理条例》第四十二条第一款第(四)项之规定,治安管理,保安服务,False,,从removed恢复: 匹配关键词 保安服务,治安管理
《保安服务管理条例》第四十二条第一款第四项,治安管理,保安服务,False,,从removed恢复: 匹配关键词 保安服务,治安管理
《保安服务管理条例》第四十二条第一款第四项之规定,治安管理,保安服务,False,,从removed恢复: 匹配关键词 保安服务,治安管理
《保安服务管理条例》第四十二条第一款第四项之规定和第四十三条第一款第五项,治安管理,保安服务,False,,从removed恢复: 匹配关键词 保安服务,治安管理
《保安服务管理条例》第四十二条第一款第（二）项,治安管理,保安服务,False,,从removed恢复: 匹配关键词 保安服务,治安管理
《八片石门作业规程》,安全生产,作业规程,False,,从removed恢复: 匹配关键词 作业规程,安全生产
《公共场所卫生管理条例》,卫生健康,公共场所卫生管理条例,False,,从removed恢复: 匹配关键词 公共场所卫生管理条例,卫生健康
《公共场所卫生管理条例》第七条,卫生健康,公共场所卫生管理条例,False,,从removed恢复: 匹配关键词 公共场所卫生管理条例,卫生健康
《公共场所卫生管理条例》第三条第(五)项,卫生健康,公共场所卫生管理条例,False,,"从removed恢复: 匹配关键词 公共场所卫生管理条例, 清洗: 截断后缀""、""",卫生健康
《公共场所卫生管理条例》第三条第一款,卫生健康,公共场所卫生管理条例,False,,"从removed恢复: 匹配关键词 公共场所卫生管理条例, 清洗: 截断后缀""、""",卫生健康
《公共场所卫生管理条例》第三条第一款第(五)项,卫生健康,公共场所卫生管理条例,False,,从removed恢复: 匹配关键词 公共场所卫生管理条例,卫生健康
《公共场所卫生管理条例》第三条第一款第一项,卫生健康,公共场所卫生管理条例,False,,从removed恢复: 匹配关键词 公共场所卫生管理条例,卫生健康
《公共场所卫生管理条例》第三条第一款第三项,卫生健康,公共场所卫生管理条例,False,,从removed恢复: 匹配关键词 公共场所卫生管理条例,卫生健康
《公共场所卫生管理条例》第三条第一款第五项,卫生健康,公共场所卫生管理条例,False,,从removed恢复: 匹配关键词 公共场所卫生管理条例,卫生健康
《公共场所卫生管理条例》第三条第一款第四项,卫生健康,公共场所卫生管理条例,False,,从removed恢复: 匹配关键词 公共场所卫生管理条例,卫生健康
《公共场所卫生管理条例》第三条第一款第（一）项,卫生健康,公共场所卫生管理条例,False,,"从removed恢复: 匹配关键词 公共场所卫生管理条例, 清洗: 截断后缀"";""",卫生健康
《公共场所卫生管理条例》第三条第一款第（一）项、第（二）项、第（三）项,卫生健康,公共场所卫生管理条例,False,,从removed恢复: 匹配关键词 公共场所卫生管理条例,卫生健康
《公共场所卫生管理条例》第三条第一款第（二）项,卫生健康,公共场所卫生管理条例,False,,从removed恢复: 匹配关键词 公共场所卫生管理条例,卫生健康
《公共场所卫生管理条例》第三条第一款第（五）项,卫生健康,公共场所卫生管理条例,False,,从removed恢复: 匹配关键词 公共场所卫生管理条例,卫生健康
《公共场所卫生管理条例》第八条,卫生健康,公共场所卫生管理条例,False,,从removed恢复: 匹配关键词 公共场所卫生管理条例,卫生健康
《公共场所卫生管理条例》第十四条,卫生健康,公共场所卫生管理条例,False,,"从removed恢复: 匹配关键词 公共场所卫生管理条例, 清洗: 截断后缀""、""",卫生健康
《公共场所卫生管理条例》第十四条第一款,卫生健康,公共场所卫生管理条例,False,,"从removed恢复: 匹配关键词 公共场所卫生管理条例, 清洗: 截断后缀""、""",卫生健康
《公共场所卫生管理条例》第十四条第一款第(一)项,卫生健康,公共场所卫生管理条例,False,,从removed恢复: 匹配关键词 公共场所卫生管理条例,卫生健康
《公共场所卫生管理条例》第十四条第一款第(二)项,卫生健康,公共场所卫生管理条例,False,,从removed恢复: 匹配关键词 公共场所卫生管理条例,卫生健康
《公共场所卫生管理条例》第十四条第一款第(四)项,卫生健康,公共场所卫生管理条例,False,,从removed恢复: 匹配关键词 公共场所卫生管理条例,卫生健康
《公共场所卫生管理条例》第十四条第一款第二项,卫生健康,公共场所卫生管理条例,False,,"从removed恢复: 匹配关键词 公共场所卫生管理条例, 清洗: 截断后缀"";""",卫生健康
《公共场所卫生管理条例》第十四条第一款第四项,卫生健康,公共场所卫生管理条例,False,,"从removed恢复: 匹配关键词 公共场所卫生管理条例, 清洗: 截断后缀"";""",卫生健康
《公共场所卫生管理条例》第十四条第一款第（一）项,卫生健康,公共场所卫生管理条例,False,,从removed恢复: 匹配关键词 公共场所卫生管理条例,卫生健康
《公共场所卫生管理条例》第十四条第一款第（二）项,卫生健康,公共场所卫生管理条例,False,,"从removed恢复: 匹配关键词 公共场所卫生管理条例, 清洗: 截断后缀"";""",卫生健康
《公共场所卫生管理条例》第十四条第一款第（四）项,卫生健康,公共场所卫生管理条例,False,,从removed恢复: 匹配关键词 公共场所卫生管理条例,卫生健康
《公共场所卫生管理条例》第十四条第一款（二）,卫生健康,公共场所卫生管理条例,False,,"从removed恢复: 匹配关键词 公共场所卫生管理条例, 清洗: 截断后缀""、""",卫生健康
《公共场所卫生管理条例》第四条第一款、第八条,卫生健康,公共场所卫生管理条例,False,,"从removed恢复: 匹配关键词 公共场所卫生管理条例, 清洗: 截断后缀"";""",卫生健康
《公共场所卫生管理条例实施细则》,卫生健康,公共场所卫生管理条例,False,,从removed恢复: 匹配关键词 公共场所卫生管理条例,卫生健康
《公共场所卫生管理条例实施细则》第三十七条第(七)项的规定,卫生健康,公共场所卫生管理条例,False,,从removed恢复: 匹配关键词 公共场所卫生管理条例,卫生健康
《公共场所卫生管理条例实施细则》第三十九条第一款,卫生健康,公共场所卫生管理条例,False,,从removed恢复: 匹配关键词 公共场所卫生管理条例,卫生健康
《公共场所卫生管理条例实施细则》第三十五条第一款,卫生健康,公共场所卫生管理条例,False,,从removed恢复: 匹配关键词 公共场所卫生管理条例,卫生健康
《公共场所卫生管理条例实施细则》第三十五条第一款第（二）项,卫生健康,公共场所卫生管理条例,False,,从removed恢复: 匹配关键词 公共场所卫生管理条例,卫生健康
《公共场所卫生管理条例实施细则》第三十八条,卫生健康,公共场所卫生管理条例,False,,从removed恢复: 匹配关键词 公共场所卫生管理条例,卫生健康
《公共场所卫生管理条例实施细则》第三十八条;第三十六条第一项,卫生健康,公共场所卫生管理条例,False,,从removed恢复: 匹配关键词 公共场所卫生管理条例,卫生健康
《公共场所卫生管理条例实施细则》第三十八条、第三十六条第一款第(二)项,卫生健康,公共场所卫生管理条例,False,,从removed恢复: 匹配关键词 公共场所卫生管理条例,卫生健康
《公共场所卫生管理条例实施细则》第三十八条、第三十六条第二项,卫生健康,公共场所卫生管理条例,False,,从removed恢复: 匹配关键词 公共场所卫生管理条例,卫生健康
《公共场所卫生管理条例实施细则》第三十六条,卫生健康,公共场所卫生管理条例,False,,从removed恢复: 匹配关键词 公共场所卫生管理条例,卫生健康
《公共场所卫生管理条例实施细则》第三十六条第(一)项,卫生健康,公共场所卫生管理条例,False,,"从removed恢复: 匹配关键词 公共场所卫生管理条例, 清洗: 截断后缀""、""",卫生健康
《公共场所卫生管理条例实施细则》第三十六条第(一)项的规定,卫生健康,公共场所卫生管理条例,False,,从removed恢复: 匹配关键词 公共场所卫生管理条例,卫生健康
《公共场所卫生管理条例实施细则》第三十六条第(二)项,卫生健康,公共场所卫生管理条例,False,,从removed恢复: 匹配关键词 公共场所卫生管理条例,卫生健康
《公共场所卫生管理条例实施细则》第三十六条第一款,卫生健康,公共场所卫生管理条例,False,,从removed恢复: 匹配关键词 公共场所卫生管理条例,卫生健康
《公共场所卫生管理条例实施细则》第三十六条第一款第（一）项,卫生健康,公共场所卫生管理条例,False,,从removed恢复: 匹配关键词 公共场所卫生管理条例,卫生健康
《公共场所卫生管理条例实施细则》第三十六条第一款第（二）项,卫生健康,公共场所卫生管理条例,False,,从removed恢复: 匹配关键词 公共场所卫生管理条例,卫生健康
《公共场所卫生管理条例实施细则》第三十六条第一项,卫生健康,公共场所卫生管理条例,False,,从removed恢复: 匹配关键词 公共场所卫生管理条例,卫生健康
《公共场所卫生管理条例实施细则》第三十六条第二项,卫生健康,公共场所卫生管理条例,False,,从removed恢复: 匹配关键词 公共场所卫生管理条例,卫生健康
《公共场所卫生管理条例实施细则》第三十六条第（一）项,卫生健康,公共场所卫生管理条例,False,,从removed恢复: 匹配关键词 公共场所卫生管理条例,卫生健康
《公共场所卫生管理条例实施细则》第三十六条第（二）项,卫生健康,公共场所卫生管理条例,False,,从removed恢复: 匹配关键词 公共场所卫生管理条例,卫生健康
《公共场所卫生管理条例实施细则》第二十二条第一款,卫生健康,公共场所卫生管理条例,False,,从removed恢复: 匹配关键词 公共场所卫生管理条例,卫生健康
《公共场所卫生管理条例实施细则》第二十二条第一款、第二款的规定,卫生健康,公共场所卫生管理条例,False,,从removed恢复: 匹配关键词 公共场所卫生管理条例,卫生健康
《公共场所卫生管理条例实施细则》第二十二条第二款,卫生健康,公共场所卫生管理条例,False,,从removed恢复: 匹配关键词 公共场所卫生管理条例,卫生健康
《公共场所卫生管理条例实施细则》第八条第一款第（七）项,卫生健康,公共场所卫生管理条例,False,,从removed恢复: 匹配关键词 公共场所卫生管理条例,卫生健康
《公共场所卫生管理条例实施细则》第十一条第二款,卫生健康,公共场所卫生管理条例,False,,从removed恢复: 匹配关键词 公共场所卫生管理条例,卫生健康
《公共场所卫生管理条例实施细则》第十九条,卫生健康,公共场所卫生管理条例,False,,从removed恢复: 匹配关键词 公共场所卫生管理条例,卫生健康
《公共场所卫生管理条例实施细则》第十九条第一款,卫生健康,公共场所卫生管理条例,False,,从removed恢复: 匹配关键词 公共场所卫生管理条例,卫生健康
《公共场所卫生管理条例实施细则》第十二条,卫生健康,公共场所卫生管理条例,False,,从removed恢复: 匹配关键词 公共场所卫生管理条例,卫生健康
《公共场所卫生管理条例实施细则》第十四条,卫生健康,公共场所卫生管理条例,False,,从removed恢复: 匹配关键词 公共场所卫生管理条例,卫生健康
《公共场所卫生管理条例实施细则》第十四条之规定,卫生健康,公共场所卫生管理条例,False,,从removed恢复: 匹配关键词 公共场所卫生管理条例,卫生健康
《公共场所卫生管理条例实施细则》第十四条的规定,卫生健康,公共场所卫生管理条例,False,,从removed恢复: 匹配关键词 公共场所卫生管理条例,卫生健康
《公共场所卫生管理条例实施细则》第十条,卫生健康,公共场所卫生管理条例,False,,从removed恢复: 匹配关键词 公共场所卫生管理条例,卫生健康
《公共场所卫生管理条例实施细则》第十条第一款,卫生健康,公共场所卫生管理条例,False,,从removed恢复: 匹配关键词 公共场所卫生管理条例,卫生健康
《公共场所卫生管理条例实施细则》第十条第一款的规定,卫生健康,公共场所卫生管理条例,False,,从removed恢复: 匹配关键词 公共场所卫生管理条例,卫生健康
《公共场所卫生管理规范》,卫生健康,卫生管理,False,,从removed恢复: 匹配关键词 卫生管理,卫生健康
《公安机关实施保安服务管理条例办法》第二十四条,治安管理,保安服务,False,,从removed恢复: 匹配关键词 保安服务,治安管理
《关于商请协助开展清理长期停业未经营企业有关工作的函》,未开业/自行停业,清理长期停业,False,,从removed恢复: 匹配关键词 清理长期停业,未开业/自行停业
《关于商请协助开展清理长期停业未经营企业有关工作的复函》,未开业/自行停业,清理长期停业,False,,从removed恢复: 匹配关键词 清理长期停业,未开业/自行停业
《关于在全省组织开展清理长期停业未经营企业专项行动的通知》,未开业/自行停业,清理长期停业,False,,从removed恢复: 匹配关键词 清理长期停业,未开业/自行停业
《关于清理长期停业未经营企业工作有关问题的通知》,未开业/自行停业,清理长期停业,False,,从removed恢复: 匹配关键词 清理长期停业,未开业/自行停业
《关于清理长期停业未经营企业工作的函》,未开业/自行停业,清理长期停业,False,,从removed恢复: 匹配关键词 清理长期停业,未开业/自行停业
《关于清理长期停业未经营企业有关问题的通知》,未开业/自行停业,清理长期停业,False,,从removed恢复: 匹配关键词 清理长期停业,未开业/自行停业
《关于清理长期停业未经营企业的公告》,未开业/自行停业,清理长期停业,False,,从removed恢复: 匹配关键词 清理长期停业,未开业/自行停业
《关于清理长期停业未经营企业的通知》,未开业/自行停业,清理长期停业,False,,从removed恢复: 匹配关键词 清理长期停业,未开业/自行停业
《关于进一步做好清理长期停业未经营企业工作的通知》,未开业/自行停业,清理长期停业,False,,从removed恢复: 匹配关键词 清理长期停业,未开业/自行停业
《兽药管理条例》,农业,兽药,False,,从removed恢复: 匹配关键词 兽药,农业
《兽药管理条例》第一十八条,农业,兽药,False,,从removed恢复: 匹配关键词 兽药,农业
《兽药管理条例》第三十八条,农业,兽药,False,,从removed恢复: 匹配关键词 兽药,农业
《兽药管理条例》第二十七条第三款,农业,兽药,False,,从removed恢复: 匹配关键词 兽药,农业
《兽药管理条例》第五十六条第一款,农业,兽药,False,,从removed恢复: 匹配关键词 兽药,农业
《兽药管理条例》第五十六条,农业,兽药,False,,"从removed恢复: 匹配关键词 兽药, 清洗: 截断后缀""违反本条""",农业
《兽药管理条例》第十八条第三款,农业,兽药,False,,从removed恢复: 匹配关键词 兽药,农业
《兽药管理条例》第十八条第三款禁止生产假、劣兽药以及第四十八条第一款,农业,兽药,False,,从removed恢复: 匹配关键词 兽药,农业
《兽药管理条例》第四十七条第二款,农业,兽药,False,,从removed恢复: 匹配关键词 兽药,农业
《兽药管理条例》第四十八条第四项,农业,兽药,False,,从removed恢复: 匹配关键词 兽药,农业
《副井底平巷作业规程》,安全生产,作业规程,False,,从removed恢复: 匹配关键词 作业规程,安全生产
《副水仓掘进作业规程》,安全生产,作业规程,False,,从removed恢复: 匹配关键词 作业规程,安全生产
《劳动合同法》第30条,劳动保障/用工,劳动合同法,False,,从removed恢复: 匹配关键词 劳动合同法,劳动保障/用工
《劳动合同法》第三十条第一款第一项,劳动保障/用工,劳动合同法,False,,从removed恢复: 匹配关键词 劳动合同法,劳动保障/用工
《劳动合同法》第二章第十条,劳动保障/用工,劳动合同法,False,,从removed恢复: 匹配关键词 劳动合同法,劳动保障/用工
《劳动合同法》第八十五条,劳动保障/用工,劳动合同法,False,,从removed恢复: 匹配关键词 劳动合同法,劳动保障/用工
《北二区18层回风下山掘进作业规程》,安全生产,作业规程,False,,从removed恢复: 匹配关键词 作业规程,安全生产
《北京市出租汽车管理条例》第二十七条第(一)项,交通运输违规,出租汽车管理,False,,从removed恢复: 匹配关键词 出租汽车管理,交通运输违规
《北京市集中空调通风系统卫生管理办法》第七条、第九条第一款,卫生健康,卫生管理,False,,从removed恢复: 匹配关键词 卫生管理,卫生健康
《北京市集中空调通风系统卫生管理办法》第十九条第一款,卫生健康,卫生管理,False,,从removed恢复: 匹配关键词 卫生管理,卫生健康
《北京市集中空调通风系统卫生管理办法》第四条的规定,卫生健康,卫生管理,False,,从removed恢复: 匹配关键词 卫生管理,卫生健康
《北京市集中空调通风系统卫生管理办法》第四条第二项,卫生健康,卫生管理,False,,从removed恢复: 匹配关键词 卫生管理,卫生健康
《发明专利证书》,侵犯商标/知识产权,专利,False,,从removed恢复: 匹配关键词 专利,侵犯商标/知识产权
《合同法》,消费者权益/市场秩序,合同法,False,,从removed恢复: 匹配关键词 合同法,消费者权益/市场秩序
《合同法》第一百二十五条,消费者权益/市场秩序,合同法,False,,"从removed恢复: 匹配关键词 合同法, 清洗: 截断后缀""规定：“当事人对合同条款""",消费者权益/市场秩序
《合同法》第三十九条第二款,消费者权益/市场秩序,合同法,False,,从removed恢复: 匹配关键词 合同法,消费者权益/市场秩序
《合同法》第十四条、第十五条,消费者权益/市场秩序,合同法,False,,从removed恢复: 匹配关键词 合同法,消费者权益/市场秩序
《商品质量复检结论通知书》,产品质量,商品质量,False,,从removed恢复: 匹配关键词 商品质量,产品质量
《商品质量抽查检验复检申请书》,产品质量,商品质量,False,,从removed恢复: 匹配关键词 商品质量,产品质量
《商品质量检测抽样检验结果送达书》,产品质量,商品质量,False,,从removed恢复: 匹配关键词 商品质量,产品质量
《商品质量监督抽查接待记录》,产品质量,商品质量,False,,从removed恢复: 匹配关键词 商品质量,产品质量
《四川省公共场所卫生管理办法》第三十六条第（五）项,卫生健康,卫生管理,False,,从removed恢复: 匹配关键词 卫生管理,卫生健康
《四川省公共场所卫生管理办法》第十二条第一款,卫生健康,卫生管理,False,,从removed恢复: 匹配关键词 卫生管理,卫生健康
《回风斜井掘进作业规程》,安全生产,作业规程,False,,从removed恢复: 匹配关键词 作业规程,安全生产
《基本农田保护条例》,农业,农田保护,False,,从removed恢复: 匹配关键词 农田保护,农业
《基本农田保护条例》第三十三条,农业,农田保护,False,,从removed恢复: 匹配关键词 农田保护,农业
《基本农田保护条例》第三十条,农业,农田保护,False,,"从removed恢复: 匹配关键词 农田保护, 清洗: 截断后缀""“违反本条""",农业
《基本农田保护条例》第十七条,农业,农田保护,False,,从removed恢复: 匹配关键词 农田保护,农业
《基本农田保护条例》第十七条第一款,农业,农田保护,False,,从removed恢复: 匹配关键词 农田保护,农业
《外观设计专利证书》,侵犯商标/知识产权,专利,False,,从removed恢复: 匹配关键词 专利,侵犯商标/知识产权
《大巷煤柱西综放工作面采煤作业规程》,安全生产,作业规程,False,,从removed恢复: 匹配关键词 作业规程,安全生产
《实用新型专利证书》,侵犯商标/知识产权,专利,False,,从removed恢复: 匹配关键词 专利,侵犯商标/知识产权
《平湖市市场监督管理局关于清理长期停业未经营企业的公告》,未开业/自行停业,清理长期停业,False,,从removed恢复: 匹配关键词 清理长期停业,未开业/自行停业
《广东省专利条例》第四十条,侵犯商标/知识产权,专利,False,,从removed恢复: 匹配关键词 专利,侵犯商标/知识产权
《广东省实施〈中华人民共和国计量法〉办法》第五十条“违反本办法第十三条,计量/器具,计量法,False,,从removed恢复: 匹配关键词 计量法,计量/器具
《广东省实施〈中华人民共和国计量法〉办法》第十三条,计量/器具,计量法,False,,从removed恢复: 匹配关键词 计量法,计量/器具
《广东省工商行政管理局关于进一步做好清理长期停业未经营企业工作的通知》,未开业/自行停业,清理长期停业,False,,从removed恢复: 匹配关键词 清理长期停业,未开业/自行停业
《广东省工商行政管理局关于进一步做好清理长期停业未经营企业工作通知》,未开业/自行停业,清理长期停业,False,,从removed恢复: 匹配关键词 清理长期停业,未开业/自行停业
《广州市增城区市场和质量监管局关于清理长期停业未经营企业有关工作的函》,未开业/自行停业,清理长期停业,False,,从removed恢复: 匹配关键词 清理长期停业,未开业/自行停业
《广州市工商行政管理局流通领域商品质量抽查检验工作单》,产品质量,商品质量,False,,从removed恢复: 匹配关键词 商品质量,产品质量
《广西壮族自治区专利条例》第十八条,侵犯商标/知识产权,专利,False,,从removed恢复: 匹配关键词 专利,侵犯商标/知识产权
《建筑法》第七条,建设工程,建筑法,False,,从removed恢复: 匹配关键词 建筑法,建设工程
《建筑法》第七章、第六十四条,建设工程,建筑法,False,,从removed恢复: 匹配关键词 建筑法,建设工程
《建筑法》第二十九条,建设工程,建筑法,False,,"从removed恢复: 匹配关键词 建筑法, 清洗: 截断后缀""和""",建设工程
《建筑法》第二十八条,建设工程,建筑法,False,,"从removed恢复: 匹配关键词 建筑法, 清洗: 截断后缀""、""",建设工程
《建筑法》第六十七条,建设工程,建筑法,False,,"从removed恢复: 匹配关键词 建筑法, 清洗: 截断后缀""和""",建设工程
《成都市双流区市场监督管理局清理长期停业未经营企业提示公告》,未开业/自行停业,清理长期停业,False,,从removed恢复: 匹配关键词 清理长期停业,未开业/自行停业
《掘进工作面作业规程》,安全生产,作业规程,False,,从removed恢复: 匹配关键词 作业规程,安全生产
《新余市市场监督管理局关于清理长期停业未经营企业公告》,未开业/自行停业,清理长期停业,False,,从removed恢复: 匹配关键词 清理长期停业,未开业/自行停业
《景泰县市场监督管理局关于开展清理长期停业未经营企业工作的通知》,未开业/自行停业,清理长期停业,False,,从removed恢复: 匹配关键词 清理长期停业,未开业/自行停业
《梧州市市场监督管理局关于清理长期停业未经营企业的提示性公告》,未开业/自行停业,清理长期停业,False,,从removed恢复: 匹配关键词 清理长期停业,未开业/自行停业
《河北省市场监督管理局关于在全省组织开展清理长期停业未经营企业专项行动的通知》,未开业/自行停业,清理长期停业,False,,从removed恢复: 匹配关键词 清理长期停业,未开业/自行停业
《法定计量检定机构监督管理办法》第十七条第一项,计量/器具,计量检定,False,,从removed恢复: 匹配关键词 计量检定,计量/器具
《泸州市工商行政管理局商品质量检验结果通知书》,产品质量,商品质量,False,,从removed恢复: 匹配关键词 商品质量,产品质量
《流通领域商品质量抽查检验办法》,产品质量,商品质量,False,,从removed恢复: 匹配关键词 商品质量,产品质量
《流通领域商品质量抽查检验办法》第二十一条第一款,产品质量,商品质量,False,,从removed恢复: 匹配关键词 商品质量,产品质量
《流通领域商品质量抽查检验办法》第十七条,产品质量,商品质量,False,,从removed恢复: 匹配关键词 商品质量,产品质量
《流通领域商品质量抽查检验工作单》,产品质量,商品质量,False,,从removed恢复: 匹配关键词 商品质量,产品质量
《流通领域商品质量抽查检验现场笔录》,产品质量,商品质量,False,,从removed恢复: 匹配关键词 商品质量,产品质量
《流通领域商品质量监督管理办法》,产品质量,商品质量,False,,从removed恢复: 匹配关键词 商品质量,产品质量
《流通领域商品质量监督管理办法》第三十三条&ldquo;销售者违反本法第十三条,产品质量,商品质量,False,,从removed恢复: 匹配关键词 商品质量,产品质量
《流通领域商品质量监督管理办法》第三十二条,产品质量,商品质量,False,,从removed恢复: 匹配关键词 商品质量,产品质量
《流通领域商品质量监督管理办法》第三十条“销售者违反本办法第八条和第九条,产品质量,商品质量,False,,从removed恢复: 匹配关键词 商品质量,产品质量
《流通领域商品质量监督管理办法》第十一条,产品质量,商品质量,False,,从removed恢复: 匹配关键词 商品质量,产品质量
《流通领域商品质量监督管理办法》第十三条,产品质量,商品质量,False,,从removed恢复: 匹配关键词 商品质量,产品质量
《流通领域商品质量监督管理办法》第十条第五项及第十三条,产品质量,商品质量,False,,从removed恢复: 匹配关键词 商品质量,产品质量
《流通领域商品质量监督管理办法》第十条第（一）项,产品质量,商品质量,False,,从removed恢复: 匹配关键词 商品质量,产品质量
《流通领域商品质量监督管理办法》第十条第（二）项,产品质量,商品质量,False,,从removed恢复: 匹配关键词 商品质量,产品质量
《浙江省河道管理条例》第三十七条第一款,海事安全,河道管理,False,,从removed恢复: 匹配关键词 河道管理,海事安全
《浙江省河道管理条例》第三十五条,海事安全,河道管理,False,,从removed恢复: 匹配关键词 河道管理,海事安全
《浙江省河道管理条例》第三十五条第一款,海事安全,河道管理,False,,从removed恢复: 匹配关键词 河道管理,海事安全
《浙江省河道管理条例》第三十五条第一款、第四十四条第一款,海事安全,河道管理,False,,从removed恢复: 匹配关键词 河道管理,海事安全
《浙江省河道管理条例》第二十六条第(二)项,海事安全,河道管理,False,,从removed恢复: 匹配关键词 河道管理,海事安全
《浙江省河道管理条例》第四十三条,海事安全,河道管理,False,,从removed恢复: 匹配关键词 河道管理,海事安全
《浙江省河道管理条例》第四十五条“违反本条例第三十七条第一款,海事安全,河道管理,False,,从removed恢复: 匹配关键词 河道管理,海事安全
《浙江省河道管理条例》第四十四条第一款的规定,海事安全,河道管理,False,,从removed恢复: 匹配关键词 河道管理,海事安全
《海关行政处罚实施条例》第五十三条,海关/进出口,海关行政处罚实施条例,False,,从removed恢复: 匹配关键词 海关行政处罚实施条例,海关/进出口
《海关行政处罚实施条例》第十五条第（四）项,海关/进出口,海关行政处罚实施条例,False,,从removed恢复: 匹配关键词 海关行政处罚实施条例,海关/进出口
《海盐县市场监督管理局关于清理长期停业未经营企业的公告》,未开业/自行停业,清理长期停业,False,,从removed恢复: 匹配关键词 清理长期停业,未开业/自行停业
《液化石油气瓶阀GB/T7512-2017》,产品质量,GB/T,False,,从removed恢复: 匹配关键词 GB/T,产品质量
《深圳经济特区互联网租赁自行车管理若干规定》第五条第一款,公共文化与传媒,互联网,False,,从removed恢复: 匹配关键词 互联网,公共文化与传媒
《深圳经济特区互联网租赁自行车管理若干规定》第六条第(二)项,公共文化与传媒,互联网,False,,从removed恢复: 匹配关键词 互联网,公共文化与传媒
《深圳经济特区河道管理条例》第三十二条,海事安全,河道管理,False,,从removed恢复: 匹配关键词 河道管理,海事安全
《深圳经济特区河道管理条例》第十五条第一款,海事安全,河道管理,False,,从removed恢复: 匹配关键词 河道管理,海事安全
《清理长期停业未经营企业征询意见表》,未开业/自行停业,清理长期停业,False,,从removed恢复: 匹配关键词 清理长期停业,未开业/自行停业
《温岭市市场监督管理局清理长期停业未经营企业、农民专业合作社公告》,未开业/自行停业,清理长期停业,False,,从removed恢复: 匹配关键词 清理长期停业,未开业/自行停业
《温岭市市场监督管理局清理长期停业未经营企业公告》,未开业/自行停业,清理长期停业,False,,从removed恢复: 匹配关键词 清理长期停业,未开业/自行停业
《湖北省兽药管理实施办法》第十二条第三款之规定,农业,兽药,False,,从removed恢复: 匹配关键词 兽药,农业
《电信和互联网用户个人信息保护规定》第二十三条“电信业务经营者、互联网信息服务提供者违反本规定第九条,公共文化与传媒,互联网,False,,从removed恢复: 匹配关键词 互联网,公共文化与传媒
《电子商务法》,网络市场交易/市场秩序,电子商务法,False,,从removed恢复: 匹配关键词 电子商务法,网络市场交易/市场秩序
《西三采区皮带巷修复作业规程》,安全生产,作业规程,False,,从removed恢复: 匹配关键词 作业规程,安全生产
《西安市工商行政管理局清理长期停业未经营企业公告》,未开业/自行停业,清理长期停业,False,,从removed恢复: 匹配关键词 清理长期停业,未开业/自行停业
《西安市工商行政管理局灞桥分局清理长期停业未经营企业公告》,未开业/自行停业,清理长期停业,False,,从removed恢复: 匹配关键词 清理长期停业,未开业/自行停业
《计量法》第九条,计量/器具,计量法,False,,从removed恢复: 匹配关键词 计量法,计量/器具
《车用柴油GB19147-2016》,计量/器具,GB19147,False,,从removed恢复: 匹配关键词 GB19147,计量/器具
《辽宁省商品质量监督抽查通知书》,产品质量,商品质量,False,,从removed恢复: 匹配关键词 商品质量,产品质量
《达州市大竹县工商行政管理局关于暂停刘琼互联网接入服务的行政建议书》,公共文化与传媒,互联网,False,,从removed恢复: 匹配关键词 互联网,公共文化与传媒
《进出境粮食检验检疫监督管理办法》第十条,海关/进出口,进出境,False,,"从removed恢复: 匹配关键词 进出境, 清洗: 截断后缀""“因口岸条件限制等原因""",海关/进出口
《采区变电所掘进工作面作业规程》,安全生产,作业规程,False,,从removed恢复: 匹配关键词 作业规程,安全生产
《重庆市工商行政管理机关流通领域商品质量抽查检验复检结论通知书》,产品质量,商品质量,False,,从removed恢复: 匹配关键词 商品质量,产品质量
《重庆市工商行政管理机关流通领域商品质量抽样取证记录和抽查检验工作单》,产品质量,商品质量,False,,从removed恢复: 匹配关键词 商品质量,产品质量
《重庆市河道管理条例》第二十四条,海事安全,河道管理,False,,从removed恢复: 匹配关键词 河道管理,海事安全
《长江保护法》第七十二条,环境保护,长江保护法,False,,"从removed恢复: 匹配关键词 长江保护法, 清洗: 截断后缀""、""",环境保护
《驻马店市驿城区工商分局流通领域商品质量抽查检验工作单》,产品质量,商品质量,False,,从removed恢复: 匹配关键词 商品质量,产品质量
《黑龙江省河道管理条例》第二十七条,海事安全,河道管理,False,,从removed恢复: 匹配关键词 河道管理,海事安全
(《中华人民共和国建筑法》第六十四条,建设工程,建筑法,False,,"从removed恢复: 匹配关键词 建筑法, 清洗: 去除前缀""依据""",建设工程
《中华人民共和国水法》第六十九条第一项之规定,环境保护,中华人民共和国水法,False,,"从removed恢复: 匹配关键词 中华人民共和国水法, 清洗: 去除前缀""依据""",环境保护
《湖北省兽药管理实施办法》第二十五条第一款第四项,农业,兽药,False,,"从removed恢复: 匹配关键词 兽药, 清洗: 去除前缀""依据""",农业
本机关根据《中华人民共和国水法》第六十九条第一款第一项,环境保护,中华人民共和国水法,False,,从removed恢复: 匹配关键词 中华人民共和国水法,环境保护
构成《中华人民共和国海关行政处罚实施条例》第十八条第一款第(四)项,海关/进出口,海关行政处罚实施条例,False,,从removed恢复: 匹配关键词 海关行政处罚实施条例,海关/进出口
构成《中华人民共和国海关行政处罚实施条例》第十四条第一款,海关/进出口,海关行政处罚实施条例,False,,从removed恢复: 匹配关键词 海关行政处罚实施条例,海关/进出口
《中华人民共和国水法》第六十五条第二款,环境保护,中华人民共和国水法,False,,"从removed恢复: 匹配关键词 中华人民共和国水法, 清洗: 去除前缀""根据""",环境保护
《互联网上网服务营业场所管理条例》第三十二条第(三)项,公共文化与传媒,互联网,False,,"从removed恢复: 匹配关键词 互联网, 清洗: 去除前缀""根据""",公共文化与传媒
违反了《传染病防治法》第二十九条第一款,卫生健康,传染病防治法,False,,从removed恢复: 匹配关键词 传染病防治法,卫生健康
《杭州市客运出租汽车管理条例》第三十条第一款第(七)项,交通运输违规,出租汽车管理,False,,"从removed恢复: 匹配关键词 出租汽车管理, 清洗: 截断后缀""处以罚款""",交通运输违规
《辽宁省客运出租汽车管理条例》第五十八条第二款,交通运输违规,出租汽车管理,False,,"从removed恢复: 匹配关键词 出租汽车管理, 清洗: 截断后缀""处以200元罚款""",交通运输违规
